{
	"format_version": "1.12.0",
	"minecraft:geometry": [
		{
			"description": {
				"identifier": "geometry.unknown",
				"texture_width": 16,
				"texture_height": 16,
				"visible_bounds_width": 4,
				"visible_bounds_height": 1.5,
				"visible_bounds_offset": [0, 0.25, 0]
			},
			"bones": [
				{
					"name": "hook",
					"pivot": [0, 0, 0],
					"cubes": [
						{
							"origin": [-12.52174, 13.91304, 0],
							"size": [2.78261, 2.08696, 0.69565],
							"pivot": [0, 0, 0],
							"rotation": [-90, 25, 0],
							"uv": {
								"north": {"uv": [12.52174, 0], "uv_size": [-2.78261, 2.08696]},
								"east": {"uv": [11.82609, 0], "uv_size": [0.69565, 2.08696]},
								"south": {"uv": [9.73913, 0], "uv_size": [2.78261, 2.08696]},
								"west": {"uv": [9.73913, 0], "uv_size": [0.69565, 2.08696]},
								"up": {"uv": [12.52174, 0.69565], "uv_size": [-2.78261, -0.69565]},
								"down": {"uv": [12.52174, 2.08696], "uv_size": [-2.78261, -0.69565]}
							}
						},
						{
							"origin": [-9.73913, 13.21739, 0],
							"size": [1.3913, 2.08696, 0.69565],
							"pivot": [0, 0, 0],
							"rotation": [-90, 25, 0],
							"uv": {
								"north": {"uv": [9.73913, 0.69565], "uv_size": [-1.3913, 2.08696]},
								"east": {"uv": [9.04348, 0.69565], "uv_size": [0.69565, 2.08696]},
								"south": {"uv": [8.34783, 0.69565], "uv_size": [1.3913, 2.08696]},
								"west": {"uv": [8.34783, 0.69565], "uv_size": [0.69565, 2.08696]},
								"up": {"uv": [9.73913, 1.3913], "uv_size": [-1.3913, -0.69565]},
								"down": {"uv": [9.73913, 2.78261], "uv_size": [-1.3913, -0.69565]}
							}
						},
						{
							"origin": [-13.91304, 13.21739, 0],
							"size": [1.3913, 2.08696, 0.69565],
							"pivot": [0, 0, 0],
							"rotation": [-90, 25, 0],
							"uv": {
								"north": {"uv": [13.91304, 0.69565], "uv_size": [-1.3913, 2.08696]},
								"east": {"uv": [13.21739, 0.69565], "uv_size": [0.69565, 2.08696]},
								"south": {"uv": [12.52174, 0.69565], "uv_size": [1.3913, 2.08696]},
								"west": {"uv": [12.52174, 0.69565], "uv_size": [0.69565, 2.08696]},
								"up": {"uv": [13.91304, 1.3913], "uv_size": [-1.3913, -0.69565]},
								"down": {"uv": [13.91304, 2.78261], "uv_size": [-1.3913, -0.69565]}
							}
						},
						{
							"origin": [-8.34783, 12.52174, 0],
							"size": [1.3913, 2.08696, 0.69565],
							"pivot": [0, 0, 0],
							"rotation": [-90, 25, 0],
							"uv": {
								"north": {"uv": [8.34783, 1.3913], "uv_size": [-1.3913, 2.08696]},
								"east": {"uv": [7.65217, 1.3913], "uv_size": [0.69565, 2.08696]},
								"south": {"uv": [6.95652, 1.3913], "uv_size": [1.3913, 2.08696]},
								"west": {"uv": [6.95652, 1.3913], "uv_size": [0.69565, 2.08696]},
								"up": {"uv": [8.34783, 2.08696], "uv_size": [-1.3913, -0.69565]},
								"down": {"uv": [8.34783, 3.47826], "uv_size": [-1.3913, -0.69565]}
							}
						},
						{
							"origin": [-14.6087, 5.56522, 0],
							"size": [0.69565, 9.04348, 0.69565],
							"pivot": [0, 0, 0],
							"rotation": [-90, 25, 0],
							"uv": {
								"north": {"uv": [14.6087, 1.3913], "uv_size": [-0.69565, 9.04348]},
								"east": {"uv": [13.91304, 1.3913], "uv_size": [0.69565, 9.04348]},
								"south": {"uv": [13.91304, 1.3913], "uv_size": [0.69565, 9.04348]},
								"west": {"uv": [13.91304, 1.3913], "uv_size": [0.69565, 9.04348]},
								"up": {"uv": [14.6087, 2.08696], "uv_size": [-0.69565, -0.69565]},
								"down": {"uv": [14.6087, 10.43478], "uv_size": [-0.69565, -0.69565]}
							}
						},
						{
							"origin": [-6.95652, 10.43478, 0],
							"size": [0.69565, 3.47826, 0.69565],
							"pivot": [0, 0, 0],
							"rotation": [-90, 25, 0],
							"uv": {
								"north": {"uv": [6.95652, 2.08696], "uv_size": [-0.69565, 3.47826]},
								"east": {"uv": [6.26087, 2.08696], "uv_size": [0.69565, 3.47826]},
								"south": {"uv": [6.26087, 2.08696], "uv_size": [0.69565, 3.47826]},
								"west": {"uv": [6.26087, 2.08696], "uv_size": [0.69565, 3.47826]},
								"up": {"uv": [6.95652, 2.78261], "uv_size": [-0.69565, -0.69565]},
								"down": {"uv": [6.95652, 5.56522], "uv_size": [-0.69565, -0.69565]}
							}
						},
						{
							"origin": [-15.30435, 7.65217, 0],
							"size": [0.69565, 6.26087, 0.69565],
							"pivot": [0, 0, 0],
							"rotation": [-90, 25, 0],
							"uv": {
								"north": {"uv": [15.30435, 2.08696], "uv_size": [-0.69565, 6.26087]},
								"east": {"uv": [14.6087, 2.08696], "uv_size": [0.69565, 6.26087]},
								"south": {"uv": [14.6087, 2.08696], "uv_size": [0.69565, 6.26087]},
								"west": {"uv": [14.6087, 2.08696], "uv_size": [0.69565, 6.26087]},
								"up": {"uv": [15.30435, 2.78261], "uv_size": [-0.69565, -0.69565]},
								"down": {"uv": [15.30435, 8.34783], "uv_size": [-0.69565, -0.69565]}
							}
						},
						{
							"origin": [-6.26087, 9.04348, 0],
							"size": [0.69565, 4.17391, 0.69565],
							"pivot": [0, 0, 0],
							"rotation": [-90, 25, 0],
							"uv": {
								"north": {"uv": [6.26087, 2.78261], "uv_size": [-0.69565, 4.17391]},
								"east": {"uv": [5.56522, 2.78261], "uv_size": [0.69565, 4.17391]},
								"south": {"uv": [5.56522, 2.78261], "uv_size": [0.69565, 4.17391]},
								"west": {"uv": [5.56522, 2.78261], "uv_size": [0.69565, 4.17391]},
								"up": {"uv": [6.26087, 3.47826], "uv_size": [-0.69565, -0.69565]},
								"down": {"uv": [6.26087, 6.95652], "uv_size": [-0.69565, -0.69565]}
							}
						},
						{
							"origin": [-13.91304, 12.52174, 0],
							"size": [0.69565, 0.69565, 0.69565],
							"pivot": [0, 0, 0],
							"rotation": [-90, 25, 0],
							"uv": {
								"north": {"uv": [13.91304, 2.78261], "uv_size": [-0.69565, 0.69565]},
								"east": {"uv": [13.21739, 2.78261], "uv_size": [0.69565, 0.69565]},
								"south": {"uv": [13.21739, 2.78261], "uv_size": [0.69565, 0.69565]},
								"west": {"uv": [13.21739, 2.78261], "uv_size": [0.69565, 0.69565]},
								"up": {"uv": [13.91304, 3.47826], "uv_size": [-0.69565, -0.69565]},
								"down": {"uv": [13.91304, 3.47826], "uv_size": [-0.69565, -0.69565]}
							}
						},
						{
							"origin": [-7.65217, 11.82609, 0],
							"size": [0.69565, 0.69565, 0.69565],
							"pivot": [0, 0, 0],
							"rotation": [-90, 25, 0],
							"uv": {
								"north": {"uv": [7.65217, 3.47826], "uv_size": [-0.69565, 0.69565]},
								"east": {"uv": [6.95652, 3.47826], "uv_size": [0.69565, 0.69565]},
								"south": {"uv": [6.95652, 3.47826], "uv_size": [0.69565, 0.69565]},
								"west": {"uv": [6.95652, 3.47826], "uv_size": [0.69565, 0.69565]},
								"up": {"uv": [7.65217, 4.17391], "uv_size": [-0.69565, -0.69565]},
								"down": {"uv": [7.65217, 4.17391], "uv_size": [-0.69565, -0.69565]}
							}
						},
						{
							"origin": [-16, 9.73913, 0],
							"size": [0.69565, 2.78261, 0.69565],
							"pivot": [0, 0, 0],
							"rotation": [-90, 25, 0],
							"uv": {
								"north": {"uv": [16, 3.47826], "uv_size": [-0.69565, 2.78261]},
								"east": {"uv": [15.30435, 3.47826], "uv_size": [0.69565, 2.78261]},
								"south": {"uv": [15.30435, 3.47826], "uv_size": [0.69565, 2.78261]},
								"west": {"uv": [15.30435, 3.47826], "uv_size": [0.69565, 2.78261]},
								"up": {"uv": [16, 4.17391], "uv_size": [-0.69565, -0.69565]},
								"down": {"uv": [16, 6.26087], "uv_size": [-0.69565, -0.69565]}
							}
						},
						{
							"origin": [-5.56522, 7.65217, 0],
							"size": [0.69565, 4.17391, 0.69565],
							"pivot": [0, 0, 0],
							"rotation": [-90, 25, 0],
							"uv": {
								"north": {"uv": [5.56522, 4.17391], "uv_size": [-0.69565, 4.17391]},
								"east": {"uv": [4.86957, 4.17391], "uv_size": [0.69565, 4.17391]},
								"south": {"uv": [4.86957, 4.17391], "uv_size": [0.69565, 4.17391]},
								"west": {"uv": [4.86957, 4.17391], "uv_size": [0.69565, 4.17391]},
								"up": {"uv": [5.56522, 4.86957], "uv_size": [-0.69565, -0.69565]},
								"down": {"uv": [5.56522, 8.34783],